,Symbol,Market,Name,Sector,Industry,ListingDate,SettleMonth,Representative,HomePage,Region
0,60310,KOSDAQ,3S,전자부품 제조업,반도체 웨이퍼 캐리어,2002-04-23,03월,김세완,http://www.3sref.com,서울특별시
1,54620,KOSDAQ,APS홀딩스,기타 금융업,인터넷 트래픽 솔루션,2001-12-04,12월,정기로,http://www.apsholdings.co.kr,경기도
2,32790,KOSDAQ,BNGT,기계장비 및 관련 물품 도매업,"Bio 이종장기 사업, ICT 프린터 현상기",1997-06-26,12월,조상환,http://www.mgenplus.com,서울특별시
3,13720,KOSDAQ,CBI,자동차 신품 부품 제조업,엔진부품,1993-12-29,12월,오경원,http://www.cheongbo.co.kr,인천광역시
4,35760,KOSDAQ,CJ ENM,텔레비전 방송업,"의류, 생활주방, 가전제품, 보석, 기타",1999-11-23,12월,"Minho Hou, Ho Sung Kang",http://www.cjmall.com,서울특별시
5,51500,KOSDAQ,CJ프레시웨이,음·식료품 및 담배 도매업,"식자재유통, 단체급식",2001-07-26,12월,정성필,http://www.cjfreshway.com,경기도
6,58820,KOSDAQ,CMG제약,의약품 제조업,의약품,2001-08-31,12월,이주형,http://www.cmgpharma.co.kr,서울특별시
7,23460,KOSDAQ,CNH,신탁업 및 집합투자업,투자자문,1994-10-07,12월,"임영기,김양수(각자 대표이사)",http://www.cnhcap.co.kr,경기도
8,56730,KOSDAQ,CNT85,기타 전문 도매업,산업설비 제조외,2002-01-04,12월,박종승,http://www.cnt85.com,경기도
9,56000,KOSDAQ,COWON,소프트웨어 개발 및 공급업,모바일게임,2003-07-11,12월,이승훈,http://www.nesm.co.kr,서울특별시
10,65770,KOSDAQ,CS,통신 및 방송 장비 제조업,"이동통신중계기, 위성방송(DMB)중계기(Gap-Filler)",2004-06-04,12월,최규훈,http://www.cs-holdings.co.kr,경기도
11,83660,KOSDAQ,CSA 코스믹,기타 화학제품 제조업,"물탱크,상하수도용도류벽,축산탱크",2006-07-25,12월,조성아,http://www.gentro.co.kr,서울특별시
12,68790,KOSDAQ,DMS,특수 목적용 기계 제조업,LCD 제조장비,2004-10-01,12월,박용석,http://www.dms21.co.kr,경기도
13,37370,KOSDAQ,EG,토목 건설업,"산화철, 대기수처리방지시설, 무역",2000-01-11,12월,박지만,http://www.egcorp.co.kr,충청남도
14,79190,KOSDAQ,EMW,통신 및 방송 장비 제조업,휴대폰안테나,2005-11-29,12월,"이승준, LLOYD YEONSU LEE (각자 대표이사)",http://emw.co.kr,인천광역시
15,50120,KOSDAQ,ES큐브,생활용품 도매업,"텐트, 원 ·부자재",2002-04-25,12월,신희민,http://www.escube.co.kr,서울특별시
16,214270,KOSDAQ,FSN,소프트웨어 개발 및 공급업,카울리,2015-03-25,12월,"이상석, 서정교 (각자 대표이사)",http://fsn.co.kr,서울특별시
17,130500,KOSDAQ,GH신소재,기타 섬유제품 제조업,"자동차용 부직포, 폴리우레탄 폼",2013-08-02,12월,우희구,http://www.ghglobal.co.kr,경상북도
18,83450,KOSDAQ,GST,특수 목적용 기계 제조업,"GasScrubber,Chiller",2006-02-01,12월,"김덕준, 장광수(각자대표)",http://www.gst-in.com,경기도
19,78150,KOSDAQ,HB테크놀러지,특수 목적용 기계 제조업,TFT-LCD검사장비,2004-12-08,12월,문성준,http://www.ncbnet.co.kr,충청남도
20,28300,KOSDAQ,HLB,선박 및 보트 건조업,"구명정, GRP/GRE PIPPE",1996-07-27,12월,"진양곤, 김동건 (각자대표)",http://www.hlbkorea.com,울산광역시
21,67630,KOSDAQ,HLB생명과학,"건축기술, 엔지니어링 및 관련 기술 서비스업","ESCO 사업, 신재생에너지 사업",2008-11-25,12월,"진양곤, 남상우 (각자대표)",http://www.hlb-ls.com,경기도
22,47920,KOSDAQ,HLB제약,자연과학 및 공학 연구개발업,"씨트리시메티딘정, 로자틴정",2015-12-21,12월,"박재형, 전복환 각자대표",http://www.hlbpharma.co.kr,경기도
23,36640,KOSDAQ,HRS,합성고무 및 플라스틱 물질 제조업,실리콘 컴파운드제품 제조,2000-05-30,12월,김진성,http://www.hrssilicone.com,경기도
24,95340,KOSDAQ,ISC,전자부품 제조업,반도체테스트소켓,2007-10-01,12월,"김정렬, 김상욱 (각자 대표이사)",http://isc21.kr,경기도
25,99520,KOSDAQ,ITX-AI,영상 및 음향기기 제조업,"DVR,유선통신기기 제조,무역/소프트웨어 자문,연구개발,기술용역",2009-12-22,12월,"박상열, 유건상 (각자 대표이사)",http://www.itxai.com,서울특별시
26,67570,KOSDAQ,엔브이에이치코리아,자동차 신품 부품 제조업,"헤드라이너, NVH부품",2013-12-03,12월,"곽정용,구자겸(각자 대표이사)",http://www.nvhkorea.com,울산광역시
27,101400,KOSDAQ,엔시트론,반도체 제조업,디지털오디오앰프칩,2009-03-31,12월,정인견,http://www.neofidelity.com,경기도
28,217820,KOSDAQ,엔에스,특수 목적용 기계 제조업,2차전지 자동화 설비,2015-12-07,12월,이세용,http://www.cns2.co.kr,충청북도
29,31860,KOSDAQ,엔에스엔,상품 종합 도매업,FLC,1997-01-07,12월,"이상욱, 윤명섭 (각자 대표이사)",http://www.a-motion.co.kr,서울특별시
30,182400,KOSDAQ,엔케이맥스,기초 의약물질 및 생물학적 제제 제조업,"연구용 시약, NK Vue® KIT, SuperNK",2015-10-23,12월,박상우,http://www.nkmax.com,경기도
31,69410,KOSDAQ,엔텔스,소프트웨어 개발 및 공급업,운용지원솔루션,2007-06-20,12월,최영래,http://www.ntels.com,서울특별시
32,227950,KOSDAQ,엔투텍,특수 목적용 기계 제조업,반도체장비 부품 제조업,2015-11-18,12월,"김정민, 이욱재(각자대표)",http://www.n2tech.kr,경기도
33,48830,KOSDAQ,엔피케이,합성고무 및 플라스틱 물질 제조업,합성고무 및 플라스틱물질 제조업,2000-10-12,12월,"최상건, 최윤혁 각자 대표",http://www.npk.co.kr,경상북도
34,61970,KOSDAQ,엘비세미콘,반도체 제조업,"골드범핑, 솔더범핑 등",2011-01-31,12월,박노만,http://www.lbsemicon.com,경기도
35,138690,KOSDAQ,엘아이에스,특수 목적용 기계 제조업,"LGP Engraving M/C, Cell Sealing M/C",2011-06-02,12월,장석환,http://www.liser.co.kr,경기도
36,66970,KOSDAQ,엘앤에프,일차전지 및 축전지 제조업,2차전지 양극활물질,2003-01-02,12월,최수안,http://www.landf.co.kr,대구광역시
37,83310,KOSDAQ,엘오티베큠,특수 목적용 기계 제조업,반도체제조용진공펌프,2005-10-05,12월,오흥식,http://www.lotvacuum.com,경기도
38,37950,KOSDAQ,엘컴텍,전자부품 제조업,"BLU(Back Light Unit), CCM(Compact Camera Module), Display용 EL",2000-08-24,12월,김영훈,http://www.elcomtec.co.kr,경기도
39,170920,KOSDAQ,엘티씨,기초 화학물질 제조업,FPD(LCD/OLED) 및 반도체용 박리액,2013-10-08,12월,최호성,http://www.l-tech.co.kr,경기도
40,58630,KOSDAQ,엠게임,소프트웨어 개발 및 공급업,"온라인 게임 개발 및 퍼블리싱(열혈강호온라인,홀릭2,영웅)",2008-12-19,12월,권이형,http://www.mgamecorp.com,서울특별시
41,19590,KOSDAQ,엠벤처투자,신탁업 및 집합투자업,벤처캐피탈,1989-03-14,12월,"홍성혁, 천승욱",http://www.m-vc.co.kr,서울특별시
42,9780,KOSDAQ,엠에스씨,기타 식품 제조업,식품첨가물,1993-10-12,12월,"김길제, 김호석",http://www.msckorea.com,경상남도
43,123040,KOSDAQ,엠에스오토텍,자동차 신품 부품 제조업,자동차 차체 부품,2010-08-06,12월,김범준,http://ms-global.com,경상북도
44,33160,KOSDAQ,엠케이전자,전자부품 제조업,반도체용세금선,1997-11-10,12월,이진,http://www.mke.co.kr,경기도
45,33310,KOSDAQ,엠투엔,기타 금속 가공제품 제조업,산업용자동제어반기기,1997-11-10,12월,서홍민,http://www.dkdni.co.kr,서울특별시
46,65150,KOSDAQ,엠피대산,음·식료품 및 담배 도매업,"외식프랜차이즈사업,육류가공,식자재유통등",2007-07-18,12월,"이종영,김상욱(각자대표이사)",http://www.mrpizza.co.kr,서울특별시
47,115960,KOSDAQ,연우,플라스틱제품 제조업,화장품 용기,2015-11-02,12월,기중현,http://www.yonwookorea.com,인천광역시
48,90740,KOSDAQ,연이비앤티,전자부품 제조업,"LCD,PDP및단말기용PBA",2007-09-19,12월,"Lim Kean Hwa, 정신욱",http://www.younyi.co.kr,충청남도
49,7530,KOSDAQ,영신금속,기타 금속 가공제품 제조업,"볼트, 나사",1994-08-05,12월,선지영,http://www.ysmic.co.kr,경기도
50,143540,KOSDAQ,영우디에스피,특수 목적용 기계 제조업,OLED/LCD 디스플레이 검사장비,2014-10-29,12월,박금성,http://www.ywdsp.com,충청남도
51,36560,KOSDAQ,영풍정밀,일반 목적용 기계 제조업,"펌프, 밸브, 주물",1999-12-28,12월,"최창규, 이한성(각자대표)",http://www.yppc.co.kr,서울특별시
52,36000,KOSDAQ,예림당,"서적, 잡지 및 기타 인쇄물 출판업",무선가입자망 단말기 및 차량용핸즈프리,1999-11-30,12월,나춘호,http://yearim.co.kr,서울특별시
53,122640,KOSDAQ,예스티,특수 목적용 기계 제조업,반도체 및 디스플레이 제조 장비,2015-12-16,12월,"장동복, 강임수 각자대표이사",http://www.yest.co.kr,경기도
54,45060,KOSDAQ,오공,기타 화학제품 제조업,"접착제,씰란트,광택제,연마제",2000-08-10,12월,"김윤정, 조한창",http://www.okong.com,인천광역시
55,80520,KOSDAQ,오디텍,반도체 제조업,"광반도체, 소자 및 모듈",2007-10-08,12월,박병근,http://www.od-tech.com,전라북도
56,39830,KOSDAQ,오로라,전문디자인업,"캐릭터디자인,캐릭터완구 등",2001-01-03,12월,"각자대표 홍기선, 각자대표 노재연",http://www.auroraworld.com,서울특별시
57,46120,KOSDAQ,오르비텍,기타 과학기술 서비스업,"방사선안전관리, 항공기 정밀부품 제조 등",2010-06-15,12월,정성현,http://orbitech.co.kr,서울특별시
58,14940,KOSDAQ,오리엔탈정공,일반 목적용 기계 제조업,선박용 기계제품(크레인 등),2001-12-26,12월,박세철,http://www.opco.co.kr,부산광역시
59,65500,KOSDAQ,오리엔트정공,자동차 신품 부품 제조업,"하우징, 리테이너베어링",2002-09-19,12월,"장재진, 박영동",http://www.orientpi.co.kr,경상북도
60,10470,KOSDAQ,오리콤,광고업,광고대행,2000-10-24,12월,"고영섭, 김성대(각자 대표이사)",http://www.oricom.co.kr,서울특별시
61,53980,KOSDAQ,오상자이엘,"컴퓨터 프로그래밍, 시스템 통합 및 관리업",CATIA Solution,2002-04-09,12월,"이국래,김선기(각자 대표이사)",http://www.osangjaiel.co.kr,인천광역시
62,52420,KOSDAQ,오성첨단소재,플라스틱제품 제조업,"보호, 기능성 필름",2001-08-07,12월,이장원,http://www.osungam.com,전라북도
63,39200,KOSDAQ,오스코텍,의약품 제조업,"뼈이식재,건강식품소재",2007-01-17,12월,"김정근, 윤태영",http://www.oscotec.com,경기도
64,31510,KOSDAQ,오스템,자동차 신품 부품 제조업,휠,1997-02-12,12월,김정우,http://www.yyauto.co.kr,충청남도
65,48260,KOSDAQ,오스템임플란트,의료용 기기 제조업,치과용임플란트,2007-02-07,12월,엄태관,http://www.osstem.com,서울특별시
66,138080,KOSDAQ,오이솔루션,통신 및 방송 장비 제조업,광트랜시버,2014-02-27,12월,박용관,http://www.oesolution.com,광주광역시
67,80580,KOSDAQ,오킨스전자,전자부품 제조업,반도체 검사용 소켓,2014-12-24,12월,전진국,http://www.okins.co.kr,경기도
68,67170,KOSDAQ,오텍,자동차 재제조 부품 제조업,"냉동 및 내장탑차, 앰블란스",2003-11-14,12월,"강성희, 소남영(각자 대표이사)",http://www.autech.co.kr,충청남도
69,49480,KOSDAQ,오픈베이스,"컴퓨터 프로그래밍, 시스템 통합 및 관리업","트래픽솔루션(웹스위치,트래픽서버)",2001-01-09,12월,송규헌,http://www.openbase.co.kr,서울특별시
70,57540,KOSDAQ,옴니시스템,"측정, 시험, 항해, 제어 및 기타 정밀기기 제조업; 광학기기 제외","전자식전력량계,설비미터,원격검침시스템",2007-09-19,12월,박혜린,http://www.omnisystem.co.kr,경기도
71,82210,KOSDAQ,옵트론텍,사진장비 및 광학기기 제조업,"IRFilter,Grating",2005-06-24,12월,"홍사관, 임지윤",http://www.optrontec.com,경상남도
72,109080,KOSDAQ,옵티시스,통신 및 방송 장비 제조업,광링크 모듈 등,2011-07-12,12월,신현국,http://www.opticis.com,경기도
73,122990,KOSDAQ,와이솔,전자부품 제조업,"SAW Filter, Wafer Chip, Duplexer",2010-09-10,12월,염상덕,http://www.wisol.co.kr,경기도
74,232140,KOSDAQ,와이아이케이,특수 목적용 기계 제조업,메모리 웨이퍼 테스터,2015-12-24,12월,최명배,http://yikcorp.com,경기도
75,65530,KOSDAQ,와이어블,전기 통신업,공용기지국건설/관리,2002-06-04,12월,"장석하, 김문환(각자대표이사)",http://www.wiable.co.kr,서울특별시
76,67900,KOSDAQ,와이엔텍,폐기물 처리업,"사업장폐기물중간및최종처리,전문건설,골재제조",2005-12-23,12월,박지영,http://www.y-entec.co.kr,전라남도
77,155650,KOSDAQ,와이엠씨,전자부품 제조업,"FPD 패널용 Target, Backing Plate 등",2012-11-15,12월,이윤용,http://www.ymc-inc.com,충청남도
78,66430,KOSDAQ,와이오엠,기타 전문 도매업,"VCI,LDPE필름 외",2002-12-24,12월,염현규,http://www.yopticsm.com,부산광역시
79,193250,KOSDAQ,와이제이엠게임즈,전자부품 제조업,휴대폰용 진동모터,2014-12-29,12월,민용재,http://yjmgames.com,서울특별시
80,19210,KOSDAQ,와이지-원,기타 금속 가공제품 제조업,"엔드밀, 탭, 드릴",1997-08-06,12월,"송호근, 송시한",http://www.yg1.co.kr,인천광역시
81,122870,KOSDAQ,와이지엔터테인먼트,오디오물 출판 및 원판 녹음업,"음악 및 기타 오디오물 출판, 신인 아티스트 육성 및 매니지먼트",2011-11-23,12월,황보경,http://www.ygfamily.com,서울특별시
82,79000,KOSDAQ,와토스코리아,플라스틱제품 제조업,위생도기용부속(양변기용),2005-11-15,12월,"송공석,송태양",http://www.watos.com,전라남도
83,32820,KOSDAQ,우리기술,"전동기, 발전기 및 전기 변환 · 공급 · 제어 장치 제조업","시스템사업, 정보통신사업",2000-06-22,12월,노갑선,http://www.wooritg.com,서울특별시
84,41190,KOSDAQ,우리기술투자,기타 금융업,창업자에 대한 투자 및 융자,2000-06-09,12월,이정훈,http://www.wooricapital.co.kr,서울특별시
85,115440,KOSDAQ,우리넷,통신 및 방송 장비 제조업,"광전송장비(MSPP), 교환장비(AGW)",2010-01-27,12월,"장현국,최종신(각자대표)",http://www.woori-net.com,경기도
86,46970,KOSDAQ,우리로,기타 전문 도매업,"광분배기(웨이퍼, 칩, 모듈), 광다이오드",2012-11-27,12월,박세철,http://www.wooriro.com,광주광역시
87,82850,KOSDAQ,우리바이오,전구 및 조명장치 제조업,건강기능식품 개발 제조 및 스마트팜 연구개발,2005-07-29,12월,권경환,http://www.wooreebio.co.kr/,경기도
88,215360,KOSDAQ,우리산업,자동차 신품 부품 제조업,ACTUATOR 등,2015-05-06,12월,김정우,http://www.woory.com,경기도
89,72470,KOSDAQ,우리산업홀딩스,자동차 신품 부품 제조업,HVAC ACTUATOR (자동차 공조장치 부품 등),2003-10-28,12월,김명준,http://www.woory.com,경기도
90,153490,KOSDAQ,우리이앤엘,반도체 제조업,LED 패키지,2013-02-05,12월,"차기현,박길수",http://www.wooreeenl.co.kr,경기도
91,37400,KOSDAQ,우리조명,상품 종합 도매업,"변환장치 제조업 백열전구, 형광등",1999-12-16,12월,"윤철주, 황도연 (각자대표이사)",http://www.wooree.co.kr,경기도
92,101170,KOSDAQ,우림피티에스,일반 목적용 기계 제조업,"트랜스미션,감속기,기어전동축 제조",2009-04-28,12월,"한현석,한우진(각자 대표이사)",http://www.woorimgear.co.kr,경상남도
93,66590,KOSDAQ,우수AMS,자동차 신품 부품 제조업,"엔진, 조향 및 기아변속기 부품",2003-02-12,12월,김선우,http://woosu.co.kr,경상남도
94,46940,KOSDAQ,우원개발,기반조성 및 시설물 축조관련 전문공사업,토공사,2002-06-18,12월,김기영,http://www.woowonerd.com,서울특별시
95,215380,KOSDAQ,우정바이오,자연과학 및 공학 연구개발업,"동물실험,CRO서비스,사육장비,세척장비등",2015-05-18,12월,천병년,http://www.woojungbio.kr,경기도
96,65680,KOSDAQ,우주일렉트로,전자부품 제조업,정보통신용 초정밀커넥터,2004-01-02,12월,노영백,http://www.uju.com,경기도
97,18620,KOSDAQ,우진비앤지,의약품 제조업,"슈퍼티아, 안티펜SM",2008-05-20,12월,강석진,http://www.woogenebng.com,경기도
98,32940,KOSDAQ,원익,기계장비 및 관련 물품 도매업,"Quartz, HIC, 의료기기",1997-07-18,12월,장홍식,http://www.wonik.co.kr,경기도
99,74600,KOSDAQ,원익QnC,유리 및 유리제품 제조업,반도체용 석영유리,2003-12-12,12월,임창빈,http://www.wonikqnc.com,경상북도
100,104830,KOSDAQ,원익머트리얼즈,기초 화학물질 제조업,"저메인가스,디실란,아산화질소,암모니아 등",2011-12-28,12월,한우성,http://wimco.co.kr,충청북도
101,14190,KOSDAQ,원익큐브,기타 전문 도매업,"MMA,BAM,PC,PP,목재,실란트,디지털인쇄기",1996-04-26,12월,문경수,http://www.wonikcube.com,경기도
102,131390,KOSDAQ,원익피앤이,"전동기, 발전기 및 전기 변환 · 공급 · 제어 장치 제조업","2차전지 공정용 장비, 산업용 정류기",2011-09-27,12월,박동찬,http://www.pnesolution.com,경기도
103,30530,KOSDAQ,원익홀딩스,특수 목적용 기계 제조업,가스캐비닛,1996-09-24,12월,박영규,http://www.wonikholdings.kr,경기도
104,12620,KOSDAQ,원일특강,1차 철강 제조업,특수강,1994-06-28,12월,신용문,http://www.wonilsteel.co.kr,경기도
105,8370,KOSDAQ,원풍,플라스틱제품 제조업,플라스틱 필름,1992-12-18,12월,윤 기 로,http://www.wonpoong.co.kr,서울특별시
106,8290,KOSDAQ,원풍물산,봉제의복 제조업,남성용신사복,1997-07-18,12월,"이원기,이두식",http://www.wonpung.com,인천광역시
107,95270,KOSDAQ,웨이브일렉트로,"측정, 시험, 항해, 제어 및 기타 정밀기기 제조업; 광학기기 제외",이동통신중계기용전력증폭기,2007-09-12,12월,박천석(단독대표),http://www.wavetc.com,경기도
108,65950,KOSDAQ,웰크론,직물직조 및 직물제품 제조업,"기능성 침구용품, 크리너, 필터, 방탄·방검복",2003-07-29,12월,이영규,http://www.welcron.com,서울특별시
109,76080,KOSDAQ,웰크론한텍,건물 건설업,"에너지절감설비,자동화배합설비,환경설비",2008-07-18,12월,"이영규, 이기창, 이영식",http://www.welcronhantec.co.kr,경기도
110,196700,KOSDAQ,웹스,합성고무 및 플라스틱 물질 제조업,"기능성 컴파운드, 건축외장자재",2015-08-24,12월,이재춘,http://www.waps.co.kr,부산광역시
111,69080,KOSDAQ,웹젠,소프트웨어 개발 및 공급업,3D 온라인게임 '뮤(MU)',2003-05-23,12월,김태영,http://company.webzen.com,경기도
112,44340,KOSDAQ,위닉스,가정용 기기 제조업,일반목적용 기계제조업,2000-10-24,12월,"윤희종, 윤철민",http://www.e-winix.co.kr,경기도
113,112040,KOSDAQ,위메이드,소프트웨어 개발 및 공급업,미르의전설2,2009-12-18,12월,장현국,http://corp.wemade.com,경기도
114,101730,KOSDAQ,위메이드맥스,소프트웨어 개발 및 공급업,실크로드 온라인,2009-06-03,12월,"장현국, 이길형 각자 대표이사",http://www.wemademax.com,경기도
115,38620,KOSDAQ,위즈코프,연료 소매업,인터넷 인프라 및 응용,2000-05-04,12월,정승환,http://www.wizit.com,서울특별시
116,36090,KOSDAQ,위지트,특수 목적용 기계 제조업,LCD 반도체,1999-12-10,12월,김상우,http://www.wizit.co.kr,인천광역시
117,136540,KOSDAQ,윈스,"컴퓨터 프로그래밍, 시스템 통합 및 관리업","네크워크보안장비(IPS, 안티 DDoS)",2011-05-02,12월,김보연,http://www.wins21.co.kr,경기도
118,97800,KOSDAQ,윈팩,반도체 제조업,반도체 패키징 및 테스트,2013-03-07,12월,이한규,http://www.winpac.co.kr,경기도
119,192390,KOSDAQ,윈하이텍,"구조용 금속제품, 탱크 및 증기발생기 제조업",데크 플레이트(건설용거푸집),2014-07-25,12월,변천섭,http://www.winhitech.co.kr,충청북도
120,36200,KOSDAQ,유니셈,특수 목적용 기계 제조업,반도체장비(DryGasScrubber),1999-12-10,12월,"김형균,이양구(각자대표)",http://www.unisem.co.kr,경기도
121,18000,KOSDAQ,유니슨,일반 목적용 기계 제조업,"풍력발전기, 풍력타워",1996-01-10,12월,허화도,http://www.unison.co.kr,경상남도
122,11320,KOSDAQ,유니크,자동차 신품 부품 제조업,"EGR밸브, 유압솔레노이드밸브, 퓨얼벤트밸브, 퓨얼컷트밸브, 체크밸브, 케니스타 등",1993-12-29,12월,안정구,http://www.unick.co.kr,경상남도
123,86390,KOSDAQ,유니테스트,특수 목적용 기계 제조업,"반도체메모리주검사장비생산(메모리컴포넌트테스터,메모리모듈테스트)",2006-12-05,12월,김종현,http://www.uni-test.com,경기도
124,48430,KOSDAQ,유라테크,"전동기, 발전기 및 전기 변환 · 공급 · 제어 장치 제조업","점화코일, 스파크플러그",2001-01-11,12월,엄대열,http://www.yuratech.co.kr,세종특별자치시
125,89850,KOSDAQ,유비벨록스,소프트웨어 개발 및 공급업,"모바일플랫폼 및 모바일솔루션, 스마트카드 등",2010-06-18,12월,이흥복,http://www.veloxsoft.com,서울특별시
126,32620,KOSDAQ,유비케어,소프트웨어 개발 및 공급업,"의사랑,유팜,미소몰",1997-05-02,12월,이상경 대표이사,http://www.ubcare.co.kr,서울특별시
127,78070,KOSDAQ,유비쿼스홀딩스,통신 및 방송 장비 제조업,"소프트웨어 개발,정보처리유선,무선통신기기,부품,컴퓨터 도소매,제조",2009-01-23,12월,이상근,http://www.ubiquoss.com,경기도
128,24800,KOSDAQ,유성티엔에스,육상 여객 운송업,"운송,C형강,차량정비",1999-12-10,12월,이명호(단독 대표이사),http://www.yoosungtns.co.kr,서울특별시
129,54930,KOSDAQ,유신,"건축기술, 엔지니어링 및 관련 기술 서비스업",토목설계 및 감리,2002-01-15,12월,"한영수, 박석성(각자대표)",http://www.yooshin.co.kr,서울특별시
130,69330,KOSDAQ,유아이디,전자부품 제조업,"ITO COATING, GLASS LAMINATION",2003-08-18,12월,박종수 (대표이사),http://www.uidkorea.co.kr,충청북도
131,49520,KOSDAQ,유아이엘,전자부품 제조업,"스마트폰 기구부품(키버튼,금속부품,부자재,악세서리 등)",2001-08-02,12월,이순영,http://www.e-uil.com,경기도
132,56090,KOSDAQ,유앤아이,의료용 기기 제조업,정형외과용 신체보정용 의료기기,2015-11-12,12월,"구자교,정준교,김정욱(각자대표)",http://www.youic.com,경기도
133,23410,KOSDAQ,유진기업,"시멘트, 석회, 플라스터 및 그 제품 제조업",레미콘,1994-10-07,12월,최종성,http://www.eugenes.co.kr,경기도
134,56080,KOSDAQ,유진로봇,특수 목적용 기계 제조업,"청소로봇, 완구류외",2001-11-13,12월,박성주,http://www.yujinrobot.com,인천광역시
135,84370,KOSDAQ,유진테크,특수 목적용 기계 제조업,실리콘질화막증착용LP-CVD,2006-01-17,12월,엄평용,http://www.eugenetech.co.kr,경기도
136,178780,KOSDAQ,유테크,상품 종합 도매업,"도광판, 몰드프레임",2015-06-30,12월,이정태,http://www.u-tech.co.kr,경기도
137,191410,KOSDAQ,육일씨엔에쓰,전자부품 제조업,IT용 Cover Glass,2015-12-24,12월,구자옥,http://www.61cns.co.kr,서울특별시
138,72770,KOSDAQ,율호,"컴퓨터 프로그래밍, 시스템 통합 및 관리업",무선인터넷플랫폼,2007-07-25,12월,이정남,http://www.neodian.co.kr,서울특별시
139,39020,KOSDAQ,이건홀딩스,제재 및 목재 가공업,창호,2000-05-04,12월,안기명,http://www.eagon.com,인천광역시
140,67920,KOSDAQ,이글루시큐리티,기타 정보 서비스업,"통합보안관리솔루션, 보안관제서비스",2010-08-04,12월,이득춘,http://www.igloosec.co.kr,서울특별시
141,44960,KOSDAQ,이글벳,기타 전문 도매업,"아바텍,아목사실린사 등",2000-11-16,12월,"강승조, 강태성(각자 대표이사)",http://www.eaglevet.com,충청남도
142,73490,KOSDAQ,이노와이어리스,통신 및 방송 장비 제조업,통신용 시험 및 계측장비,2005-02-04,12월,곽영수,http://www.innowireless.co.kr,경기도
143,88390,KOSDAQ,이녹스,그외 기타 운송장비 제조업,"FPCB소재,반도체PKG소재,디스플레이소재,OLED소재",2006-10-20,12월,박정진,http://www.innoxcorp.com,충청남도
144,53350,KOSDAQ,이니텍,소프트웨어 개발 및 공급업,정보보안 및 인증솔루션,2001-11-15,12월,강석모,http://www.initech.com,서울특별시
145,41520,KOSDAQ,이라이콤,상품 중개업,TFT-LCD용 Back Light Unit,2003-07-04,12월,김성익,http://www.e-litecom.com,경기도
146,54210,KOSDAQ,이랜텍,전자부품 제조업,Battery Pack,2002-05-09,12월,이세용,http://www.elentec.co.kr,경기도
147,65440,KOSDAQ,이루온,소프트웨어 개발 및 공급업,이동통신 핵심망 및 서비스망 솔루션 개발 공급,2003-01-28,12월,"이승구, 이영성 (각자 대표이사)",http://eluon.com,경기도
148,115610,KOSDAQ,이미지스,반도체 제조업,"터치스크린칩, 햅틱칩",2010-02-26,12월,김정철,http://imagis.co.kr,경기도
149,78020,KOSDAQ,이베스트투자증권,금융 지원 서비스업,유가증권위탁매매,2007-02-21,12월,김원규,http://www.ebestsec.co.kr,서울특별시
150,131400,KOSDAQ,이브이첨단소재,전자부품 제조업,연성회로기판,2010-12-27,12월,김성범,http://www.actfpc.com,대구광역시
151,80010,KOSDAQ,이상네트웍스,상품 중개업,기업간전자상거래서비스,2005-09-30,12월,김기배,http://www.e-sang.net,서울특별시
152,86890,KOSDAQ,이수앱지스,의료용품 및 기타 의약 관련제품 제조업,"항체치료제,효소치료제",2009-02-03,12월,박상호,http://www.abxis.com,경기도
153,900110,KOSDAQ,이스트아시아홀딩스,기타 금융업,"스포츠화, 스포츠의류",2010-04-23,12월,"정강위, 정소영",http://www.qiuzhi.com,홍콩
154,102710,KOSDAQ,이엔에프테크놀로지,기타 화학제품 제조업,LCD/반도체용 케미칼,2009-05-28,12월,"지용석,김정수(각자대표)",http://www.enftech.com/,경기도
155,66980,KOSDAQ,이엔코퍼레이션,기타 정보 서비스업,온라인정보제공,2003-01-17,12월,오태석,http://www.encorp.co.kr,서울특별시
156,123570,KOSDAQ,이엠넷,광고업,온라인 검색광고 대행,2011-11-25,12월,김영원,http://www.emnet.co.kr,서울특별시
157,83470,KOSDAQ,이엠앤아이,플라스틱제품 제조업,"소형 BLU, 정밀 플라스틱 제품",2008-09-18,12월,대표이사 고창훈,http://www.kjpretech.com,경기도
158,95190,KOSDAQ,이엠코리아,특수 목적용 기계 제조업,CNC공작기계등,2007-10-29,12월,강삼수,http://www.yesemk.com,경상남도
159,91120,KOSDAQ,이엠텍,전자부품 제조업,"마이크로스피커,리시버",2007-05-02,12월,"정승규, 이석근",http://www.em-tech.co.kr,경상남도
160,39030,KOSDAQ,이오테크닉스,특수 목적용 기계 제조업,레이저 마커 및 레이저 응용기기,2000-08-24,12월,"성규동,박종구(각자대표이사)",http://www.eotechnics.com,경기도
161,88290,KOSDAQ,이원컴포텍,자동차 신품 부품 제조업,에어서스펜션 시트/일반고정형 시트/스프링서스펜션 시트,2009-12-01,12월,"이경훈, 홍진영(각자대표)",http://www.ewonseat.co.kr,전라북도
162,35810,KOSDAQ,이지홀딩스,동물용 사료 및 조제식품 제조업,지주회사,1999-11-23,12월,"지현욱,김충석(각자대표)",http://www.easyholdings.co.kr,서울특별시
163,160600,KOSDAQ,이큐셀,특수 목적용 기계 제조업,"진공합착기, NPS",2015-06-26,12월,송효선,http://www.sntek.com,경기도
164,92130,KOSDAQ,이크레더블,기타 정보 서비스업,"전자신용인증서비스(정보),소프트웨어 개발",2008-10-24,12월,이진옥,http://www.ecredible.co.kr,서울특별시
165,96040,KOSDAQ,이트론,기타 전문 도매업,컴퓨터 및 주변장치 제조,2008-01-25,12월,김명종,http://www.e-trons.co.kr,서울특별시
166,1840,KOSDAQ,이화공영,건물 건설업,도급공사,1994-11-23,12월,"최삼규,최종찬",http://www.ee-hwa.co.kr,서울특별시
167,24810,KOSDAQ,이화전기,"전동기, 발전기 및 전기 변환 · 공급 · 제어 장치 제조업",무정전전원공급장치,1994-12-29,12월,김성규,http://www.eti21.com,서울특별시
168,41830,KOSDAQ,인바디,의료용 기기 제조업,정밀 체성분 분석기,2000-12-14,12월,차기철,http://www.inbody.com,서울특별시
169,79950,KOSDAQ,인베니아,특수 목적용 기계 제조업,"Dry Etcher, 진공합착기, LCD Panel 검사장비, OLED용 진공합착기",2005-02-04,12월,구동범,http://www.inveniacorp.com,경기도
170,60150,KOSDAQ,인선이엔티,폐기물 처리업,건축폐기물처리,2002-06-14,12월,이준길,http://www.insun.co.kr,경기도
171,33230,KOSDAQ,인성정보,"컴퓨터 프로그래밍, 시스템 통합 및 관리업",넷트워크 관련 장비 및 솔루션,1999-07-30,12월,원종윤,http://www.insunginfo.co.kr,서울특별시
172,37330,KOSDAQ,인지디스플레,전자부품 제조업,"TFT-LCDCHASSIS,TFT-LCDLAMPREFLECTOR,ICLEADFRAME,TRLEADFRAME",1999-12-14,12월,"정구용,김용구,정혜승",http://www.inzidisplay.co.kr,경기도
173,83640,KOSDAQ,인콘,통신 및 방송 장비 제조업,영상보안장비 및 영상보안솔루션,2005-12-27,12월,"도중식, 최영훈(각자대표)",http://www.in-con.biz,경기도
174,49070,KOSDAQ,인탑스,통신 및 방송 장비 제조업,휴대전화기용부품,2002-02-21,12월,"김근하, 정사진(각자대표)",http://WWW.INTOPS.CO.KR,경기도
175,119610,KOSDAQ,인터로조,의료용 기기 제조업,"콘텍트렌즈(소프트렌즈, 원데이렌즈, 하드렌즈 등)",2010-07-28,12월,노시철,http://interojo.com,경기도
176,17250,KOSDAQ,인터엠,영상 및 음향기기 제조업,음향기기,1996-01-03,09월,조남용,http://www.inter-m.co.kr,경기도
177,35080,KOSDAQ,인터파크,무점포 소매업,전자상거래,1999-07-05,12월,"이기형, 강동화(각자 대표이사)",http://www.interpark.com,서울특별시
178,51370,KOSDAQ,인터플렉스,전자부품 제조업,연성회로기판(Flexible PCB),2003-01-22,12월,신일운,http://www.interflex.co.kr,경기도
179,64290,KOSDAQ,인텍플러스,특수 목적용 기계 제조업,"LED 외관검사장비, 반도체 외관검사장비, 태양전지 외관검사장비등",2011-01-05,12월,이상윤,http://www.intekplus.com,대전광역시
180,150840,KOSDAQ,인트로메딕,의료용 기기 제조업,"캡슐내시경, 일회용 연성내시경",2013-12-19,12월,"조용석, 권혁찬 (각자대표이사)",http://www.intromedic.co.kr,서울특별시
181,48530,KOSDAQ,인트론바이오,기초 의약물질 및 생물학적 제제 제조업,"바이오 신약, 분자진단제품, 동물용항생제대체재",2011-01-26,12월,"윤성준, 윤경원(각자대표)",http://www.intron.co.kr/,경기도
182,175140,KOSDAQ,인포마크,통신 및 방송 장비 제조업,"웨어러블 디바이스, 모바일 라우터",2015-09-23,12월,최혁,http://www.infomark.co.kr,경기도
183,115310,KOSDAQ,인포바인,전기 통신업,휴대폰인증서보관서비스(UBIKey),2010-02-09,12월,권 성 준,http://www.infovine.co.kr,서울특별시
184,39290,KOSDAQ,인포뱅크,기타 정보 서비스업,"모바일메시징서비스,휴대폰단말기용S/W개발용역",2006-07-04,12월,박태형,http://www.infobank.net,경기도
185,37440,KOSDAQ,희림,"건축기술, 엔지니어링 및 관련 기술 서비스업",설계 및 감리용역,2000-02-03,12월,"정영균, 이목운, 허철호 (각자대표)",http://www.heerim.com,서울특별시
